{"cameraMode":{"drawMode":0,"name":"Shaded","section":"Shading Mode"},"sceneLighting":true,"audioPlay":false,"sceneViewState":{"showFog":true,"showMaterialUpdate":false,"showSkybox":true,"showFlares":true,"showImageEffects":true,"showParticleSystems":true},"in2DMode":false,"pivot":{"x":-11.078407287597657,"y":24.01251220703125,"z":13.095504760742188},"rotation":{"x":0.3036309480667114,"y":0.11397187411785126,"z":-0.0366106741130352,"w":0.9452411532402039},"size":87.05558013916016,"orthographic":false}