{"cameraMode":{"drawMode":0,"name":"Shaded","section":"Shading Mode"},"sceneLighting":false,"audioPlay":false,"sceneViewState":{"showFog":true,"showMaterialUpdate":false,"showSkybox":false,"showFlares":true,"showImageEffects":true,"showParticleSystems":true},"in2DMode":false,"pivot":{"x":0.6764099597930908,"y":8.635599136352539,"z":0.624687671661377},"rotation":{"x":-0.023877575993537904,"y":0.9746588468551636,"z":-0.1822039633989334,"w":-0.12761637568473817},"size":13.145742416381836,"orthographic":false}