{"cameraMode":{"drawMode":0,"name":"Shaded","section":"Shading Mode"},"sceneLighting":false,"audioPlay":false,"sceneViewState":{"showFog":true,"showMaterialUpdate":false,"showSkybox":false,"showFlares":true,"showImageEffects":true,"showParticleSystems":true},"in2DMode":false,"pivot":{"x":0.1808178424835205,"y":1.6301655769348145,"z":0.5900588035583496},"rotation":{"x":0.05754905939102173,"y":0.8491962552070618,"z":-0.09464986622333527,"w":0.5163290500640869},"size":21.498626708984376,"orthographic":false}