{"cameraMode":{"drawMode":0,"name":"Shaded","section":"Shading Mode"},"sceneLighting":true,"audioPlay":false,"sceneViewState":{"showFog":true,"showMaterialUpdate":false,"showSkybox":true,"showFlares":true,"showImageEffects":true,"showParticleSystems":true},"in2DMode":false,"pivot":{"x":354.6856384277344,"y":7.915153503417969,"z":69.35331726074219},"rotation":{"x":0.36550265550613406,"y":0.6017963290214539,"z":-0.35901835560798647,"w":0.6126697659492493},"size":31.77462387084961,"orthographic":false}