{"cameraMode":{"drawMode":0,"name":"Shaded","section":"Shading Mode"},"sceneLighting":false,"audioPlay":false,"sceneViewState":{"showFog":true,"showMaterialUpdate":false,"showSkybox":false,"showFlares":true,"showImageEffects":true,"showParticleSystems":true},"in2DMode":false,"pivot":{"x":2.068331718444824,"y":2.546895742416382,"z":6.187440872192383},"rotation":{"x":0.09868475049734116,"y":-0.6578521132469177,"z":0.0875522568821907,"w":0.741503894329071},"size":7.243212699890137,"orthographic":false}