{"cameraMode":{"drawMode":0,"name":"Shaded","section":"Shading Mode"},"sceneLighting":false,"audioPlay":false,"sceneViewState":{"showFog":true,"showMaterialUpdate":false,"showSkybox":false,"showFlares":true,"showImageEffects":true,"showParticleSystems":true},"in2DMode":false,"pivot":{"x":4.835954666137695,"y":0.7602906227111816,"z":6.086799621582031},"rotation":{"x":-0.13511022925376893,"y":0.7032105922698975,"z":-0.1388915330171585,"w":-0.6840696930885315},"size":9.486083030700684,"orthographic":false}