{"cameraMode":{"drawMode":0,"name":"Shaded","section":"Shading Mode"},"sceneLighting":false,"audioPlay":false,"sceneViewState":{"showFog":true,"showMaterialUpdate":false,"showSkybox":false,"showFlares":true,"showImageEffects":true,"showParticleSystems":true},"in2DMode":false,"pivot":{"x":-4.907284259796143,"y":14.776045799255371,"z":-10.917411804199219},"rotation":{"x":0.0005429260199889541,"y":-0.999290943145752,"z":-0.034178752452135089,"w":-0.01588410884141922},"size":25.11594581604004,"orthographic":false}