{"cameraMode":{"drawMode":0,"name":"Shaded","section":"Shading Mode"},"sceneLighting":false,"audioPlay":false,"sceneViewState":{"showFog":true,"showMaterialUpdate":false,"showSkybox":false,"showFlares":true,"showImageEffects":true,"showParticleSystems":true},"in2DMode":false,"pivot":{"x":-0.004920244216918945,"y":9.26025390625,"z":-53.45948028564453},"rotation":{"x":-0.023877575993537904,"y":0.9746588468551636,"z":-0.1822039633989334,"w":-0.12761637568473817},"size":7.4132771492004398,"orthographic":false}