{"cameraMode":{"drawMode":0,"name":"Shaded","section":"Shading Mode"},"sceneLighting":true,"audioPlay":false,"sceneViewState":{"showFog":true,"showMaterialUpdate":false,"showSkybox":true,"showFlares":true,"showImageEffects":true,"showParticleSystems":true},"in2DMode":false,"pivot":{"x":424.9645690917969,"y":2.1527976989746095,"z":100.4533920288086},"rotation":{"x":0.08088421076536179,"y":0.9114546775817871,"z":-0.3402772545814514,"w":0.21663843095302583},"size":140.24105834960938,"orthographic":false}