{"cameraMode":{"drawMode":0,"name":"Shaded","section":"Shading Mode"},"sceneLighting":false,"audioPlay":false,"sceneViewState":{"showFog":true,"showMaterialUpdate":false,"showSkybox":false,"showFlares":true,"showImageEffects":true,"showParticleSystems":true},"in2DMode":false,"pivot":{"x":-1.5045809745788575,"y":7.481194496154785,"z":1.6759967803955079},"rotation":{"x":-0.023877575993537904,"y":0.9746588468551636,"z":-0.1822039633989334,"w":-0.12761637568473817},"size":10.912348747253418,"orthographic":false}