{"cameraMode":{"drawMode":0,"name":"Shaded","section":"Shading Mode"},"sceneLighting":false,"audioPlay":false,"sceneViewState":{"showFog":true,"showMaterialUpdate":false,"showSkybox":false,"showFlares":true,"showImageEffects":true,"showParticleSystems":true},"in2DMode":false,"pivot":{"x":4.445105075836182,"y":11.946938514709473,"z":-8.136125564575196},"rotation":{"x":0.31850937008857729,"y":0.09363449364900589,"z":-0.031634412705898288,"w":0.9427545070648193},"size":12.590246200561524,"orthographic":false}