{"cameraMode":{"drawMode":0,"name":"Shaded","section":"Shading Mode"},"sceneLighting":false,"audioPlay":false,"sceneViewState":{"showFog":true,"showMaterialUpdate":false,"showSkybox":false,"showFlares":true,"showImageEffects":true,"showParticleSystems":true},"in2DMode":false,"pivot":{"x":37.48882293701172,"y":-6.173566818237305,"z":1.8311495780944825},"rotation":{"x":0.107681505382061,"y":0.7238729000091553,"z":-0.11607541143894196,"w":0.6715216040611267},"size":35.32603454589844,"orthographic":false}