{"cameraMode":{"drawMode":0,"name":"Shaded","section":"Shading Mode"},"sceneLighting":true,"audioPlay":false,"sceneViewState":{"showFog":true,"showMaterialUpdate":false,"showSkybox":true,"showFlares":true,"showImageEffects":true,"showParticleSystems":true},"in2DMode":false,"pivot":{"x":429.83642578125,"y":-52.22560119628906,"z":208.3226318359375},"rotation":{"x":-0.12214017659425736,"y":-0.6610071659088135,"z":0.11027739197015763,"w":-0.7321127653121948},"size":207.9077606201172,"orthographic":false}