{"cameraMode":{"drawMode":0,"name":"Shaded","section":"Shading Mode"},"sceneLighting":false,"audioPlay":false,"sceneViewState":{"showFog":true,"showMaterialUpdate":false,"showSkybox":false,"showFlares":true,"showImageEffects":true,"showParticleSystems":true},"in2DMode":false,"pivot":{"x":-22.27231216430664,"y":5.382835865020752,"z":-0.9520168304443359},"rotation":{"x":0.00517623545601964,"y":0.9839518666267395,"z":-0.17600153386592866,"w":0.028935078531503679},"size":12.841322898864746,"orthographic":false}